{
    "amsterdam": [4.9041, 52.3676],
    "belfast": [-5.9301, 54.5973],
    "berlin": [13.407705, 52.517424],
    "madrid": [-3.7038, 40.4168],
    "rome": [12.4964, 41.9028],
    "paris": [2.3522, 48.8566],
    "bucharest": [26.1025, 44.4268],
    "vienna": [16.3738, 48.2082],
    "hamburg": [9.9937, 53.5511],
    "warsaw": [21.0122, 52.2297],
    "budapest": [19.0402, 47.4979],
    "barcelona": [2.1734, 41.3851],
    "munich": [11.582, 48.1351],
    "milan": [9.19, 45.4642],
    "prague": [14.4378, 50.0755],
    "sofia": [23.3219, 42.6977],
    "brussels": [4.3517, 50.8503],
    "birmingham": [-1.8904, 52.4862],
    "cologne": [6.9603, 50.9375],
    "naples": [14.2681, 40.8518],
    "stockholm": [18.0686, 59.3293],
    "turin": [7.6869, 45.0703],
    "marseille": [5.3698, 43.2965],
    "valencia": [-0.3763, 39.4699],
    "kraków": [19.945, 50.0647],
    "frankfurt": [8.6821, 50.1109],
    "zagreb": [15.9819, 45.815],
    "seville": [-5.9845, 37.3891],
    "zaragoza": [-0.8891, 41.6488],
    "helsinki": [24.9355, 60.1695],
    "wrocław": [17.0385, 51.1079],
    "rotterdam": [4.4791, 51.9225],
    "copenhagen": [12.5683, 55.6761],
    "łódź": [19.456, 51.7592],
    "athens": [23.7275, 37.9838],
    "stuttgart": [9.1829, 48.7758],
    "düsseldorf": [6.7735, 51.2277],
    "palermo": [13.3615, 38.1157],
    "leipzig": [12.3731, 51.3397],
    "riga": [24.1052, 56.9496],
    "gothenburg": [11.9746, 57.7089],
    "vilnius": [25.2797, 54.6872],
    "dortmund": [7.4653, 51.5136],
    "dublin": [-6.2603, 53.3498],
    "málaga": [-4.4214, 36.7213],
    "essen": [7.0116, 51.4556],
    "bremen": [8.8017, 53.0793],
    "the Hague": [4.3007, 52.0705],
    "dresden": [13.7373, 51.0504],
    "genoa": [8.9463, 44.4056],
    "antwerp": [4.4025, 51.2194],
    "lisbon": [-9.1393, 38.7223],
    "hanover": [9.732, 52.3759],
    "poznań": [16.9252, 52.4064],
    "nuremberg": [11.0767, 49.4521],
    "lyon": [4.8357, 45.764],
    "toulouse": [1.4442, 43.6047],
    "duisburg": [6.7623, 51.4344],
    "gdańsk": [18.6466, 54.352],
    "bratislava": [17.1077, 48.1486],
    "murcia": [-1.1307, 37.9922],
    "tallinn": [24.7535, 59.437],
    "palma de Mallorca": [2.6502, 39.5696],
    "brno": [16.6068, 49.1951],
    "bologna": [11.3426, 44.4949],
    "szczecin": [14.5528, 53.4285],
    "sintra": [-9.3817, 38.8029],
    "las Palmas": [-15.4363, 28.1235],
    "utrecht": [5.1214, 52.0907],
    "aarhus": [10.2039, 56.1629],
    "bochum": [7.2162, 51.4818],
    "florence": [11.2558, 43.7696],
    "malmö": [13.0038, 55.6049],
    "wuppertal": [7.1508, 51.2562],
    "alicante": [-0.481, 38.3452],
    "nice": [7.262, 43.7102],
    "bilbao": [-2.935, 43.263],
    "bielefeld": [8.5325, 52.0302],
    "bonn": [7.0982, 50.7374],
    "lublin": [22.5684, 51.2465],
    "bydgoszcz": [18.0084, 53.1235],
    "plovdiv": [24.7453, 42.1354],
    "córdoba": [-4.7794, 37.8882],
    "varna": [27.9147, 43.2141],
    "nantes": [-1.5536, 47.2184],
    "münster": [7.6261, 51.9607],
    "thessaloniki": [22.9444, 40.6401],
    "bari": [16.8719, 41.1171],
    "mannheim": [8.466, 49.4875],
    "espoo": [24.6559, 60.2055],
    "karlsruhe": [8.4037, 49.0069],
    "vila Nova de Gaia": [-8.6129, 41.1242],
    "kaunas": [23.9036, 54.8985],
    "graz": [15.4395, 47.0707],
    "montpellier": [3.877, 43.6119],
    "augsburg": [10.8978, 48.3705],
    "london": [-0.1278, 51.5072],
    "new york": [-73.94, 40.66],
    "los angeles": [-118.41, 34.02],
    "chicago": [-87.68, 41.84],
    "houston": [-95.39, 29.79],
    "phoenix": [-112.09, 33.57],
    "philadelphia": [-75.13, 40.01],
    "san antonio": [-98.52, 29.46],
    "san diego": [-117.14, 32.81],
    "dallas": [-96.77, 32.79],
    "jacksonville": [-81.66, 30.34],
    "austin": [-97.75, 30.3],
    "fort worth": [-97.35, 32.78],
    "san jose": [-121.81, 37.3],
    "columbus": [-82.99, 39.99],
    "charlotte": [-80.83, 35.21],
    "indianapolis": [-86.15, 39.78],
    "san francisco": [-123.03, 37.73],
    "seattle": [-122.35, 47.62],
    "denver": [-104.88, 39.76]
}
  